comme,1206
avait,931
cette,745
leurs,730
faire,512
notre,498
homme,462
aussi,383
jusqu,359
moins,352
autre,319
temps,315
avoir,313
entre,311
grand,279
trois,271
point,265
femme,262
toute,258
droit,249
jours,228
ainsi,221
votre,216
avant,213
paris,212
elles,206
petit,198
mille,195
celui,192
birro,192
jeune,189
terre,177
quand,175
monde,172
celle,167
assez,157
mieux,157
corps,156
porte,156
premi,154
enfin,150
armes,147
avais,147
ville,145
bonne,135
place,134
belle,131
reste,130
arriv,129
mains,123
parmi,119
malgr,118
vingt,118
bient,117
matin,115
garde,115
usage,114
alors,113
chefs,113
ayant,113
cents,111
comte,109
coeur,108
selon,107
heure,107
europ,107
fille,106
peine,106
avons,105
parce,104
route,98
ordre,97
works,96
diego,94
trouv,92
donne,92
gojam,92
aller,92
chose,90
force,87
venir,85
tente,84
rieur,83
cause,83
moyen,83
indig,83
amour,83
saint,82
derni,82
aucun,80
charg,78
vient,78
vieux,78
doute,76
quant,75
forme,75
derri,74
suite,72
haute,72
beaux,72
entra,70
abord,69
parti,68
table,67
sence,67
telle,67
voici,66
salon,66
glise,66
laiss,65
seule,65
terms,63
faite,63
journ,62
pieds,62
repas,62
faits,61
envoy,61
vivre,60
effet,60
perdu,59
rouge,58
bruit,56
agent,55
tiens,55
signe,55
march,55
contr,54
passe,54
sorte,54
front,52
frais,52
clerg,52
compl,51
deuga,51
rence,51
champ,51
tegra,50
voulu,50
donna,50
seuls,50
parle,49
pages,49
riche,48
genre,48
fiefs,47
bless,47
plein,47
cours,47
tions,47
amiti,46
coups,46
maire,46
poque,46
aient,45
other,44
arabe,44
sujet,44
jolie,44
rente,44
crois,43
juste,43
taire,42
trait,42
appel,42
digne,42
beaut,41
conna,41
douze,41
prend,40
soins,40
livre,39
discr,39
louis,39
large,39
ombre,38
rance,38
blanc,38
moiti,38
rendu,38
chawa,38
tient,38
about,38
rable,38
sabre,37
teint,37
crime,36
tenir,36
hiver,36
frapp,36
clair,36
expos,36
parut,35
villa,35
tabor,35
refus,35
ebook,35
annon,35
inqui,35
decin,34
morte,34
assis,34
dabra,34
titre,33
herbe,33
parer,33
vertu,33
rentr,32
occup,32
sente,32
somme,32
court,32
veuve,32
assur,32
riale,31
lever,31
foule,30
dites,30
libre,30
nomme,30
tapis,30
selle,29
asile,29
payer,29
ligne,29
grecs,28
servi,28
faute,28
loign,28
couch,28
prise,28
bande,28
sinon,28
pense,28
savez,28
napol,28
engag,28
forte,27
admis,27
crire,27
texte,27
allez,27
oubli,27
noire,27
agree,27
salle,26
vaste,26
rares,26
moire,26
juger,26
chant,26
douce,26
baron,26
quitt,26
toges,26
outre,25
conqu,25
toffe,25
choix,25
suivi,25
tourn,25
dents,25
morts,25
rison,25
noble,25
connu,24
forth,24
gomez,24
paule,24
hauts,24
gypte,24
jouer,24
ponse,24
allah,24
repos,24
boire,24
froid,24
perte,23
rieux,23
offre,23
jouit,23
passa,23
prouv,23
rangs,23
kassa,23
toile,23
proie,23
mules,23
veill,23
chang,22
viens,22
actes,22
quels,22
tails,22
trang,22
hutte,22
barbe,22
adieu,22
habit,22
progr,22
longs,21
tiers,21
chute,21
sents,21
tabli,21
ferme,21
which,21
fasse,20
arbre,20
croit,20
voyez,20
rents,20
confi,20
objet,20
appui,20
adopt,20
senta,20
croix,20
manqu,20
tigra,20
rique,20
calme,19
tendu,19
deuxi,19
caire,19
juges,19
chaux,19
zaoud,19
quent,19
biens,19
blata,19
salut,19
galit,19
fense,19
bride,19
duire,19
tudes,19
venus,19
resta,18
alaka,18
verre,18
duits,18
under,18
allai,18
venue,18
ailes,18
voile,18
drame,18
model,18
avanc,18
serve,18
noirs,18
relev,18
jeter,18
ouest,18
state,18
boeuf,18
pglaf,18
union,18
galla,17
soeur,17
touch,17
press,17
brave,17
pluie,17
enlev,17
reine,17
poste,17
varie,17
campe,17
haine,17
prosp,17
loger,17
merci,17
riaux,17
style,17
maman,17
forts,17
ralit,17
doigt,16
viter,16
appuy,16
curit,16
publi,16
idjou,16
chine,16
parla,16
utile,16
poser,16
terme,16
serai,16
gance,16
amant,16
cotte,16
seuil,16
venez,16
avril,16
deuil,16
bahar,16
bords,15
liben,15
ouvre,15
races,15
digsa,15
accus,15
nuage,15
samen,15
ruine,15
chapp,15
tomba,15
norme,15
vanit,15
fleur,15
cieux,15
tombe,15
fonds,15
owner,15
monte,14
motif,14
sahos,14
using,14
masse,14
garni,14
lutte,14
kilom,14
fices,14
aviez,14
remis,14
plume,14
fauts,14
foyer,14
troit,14
cheur,14
retir,14
encha,14
saber,14
oblig,14
montr,14
basse,14
nible,14
cuyer,14
ments,13
monie,13
buste,13
louer,13
remit,13
accro,13
tenus,13
visit,13
dress,13
indes,13
poign,13
tromp,13
jouir,13
fuite,13
pondu,13
ennes,13
turcs,13
peint,13
suppl,13
mener,12
tonne,12
riant,12
carte,12
dieux,12
coupe,12
licat,12
civil,12
ahmed,12
train,12
jules,12
grave,12
culte,12
achev,12
quart,12
pouss,12
mutil,12
tirer,12
comit,12
finit,12
coute,12
rosit,12
right,12
fines,12
joues,11
laine,11
corne,11
plain,11
buril,11
divan,11
songe,11
david,11
allum,11
fusil,11
franc,11
camps,11
oppos,11
valet,11
gages,11
crier,11
lieux,11
fendu,11
plans,11
aimer,11
admir,11
vieil,11
crauk,11
fanta,11
fixer,11
soyez,11
where,11
ature,11
prier,11
gaiet,11
files,11
seize,11
gabra,11
lasta,11
curie,11
ances,11
jadis,11
lange,11
harar,11
attir,11
parts,10
butin,10
coton,10
loges,10
disgr,10
tabac,10
monta,10
guide,10
nieux,10
cadre,10
sable,10
panth,10
pains,10
envie,10
group,10
rejet,10
souci,10
sirer,10
plant,10
seine,10
bouch,10
moral,10
aurez,10
verve,10
vives,10
porta,10
maris,10
finir,10
plats,10
chait,10
proph,10
ables,10
galop,10
brise,10
eusse,10
unies,10
honor,10
hanap,10
vices,10
image,10
vente,10
verge,10
chien,9
signa,9
natif,9
chass,9
vrier,9
moine,9
cuter,9
plage,9
impos,9
queue,9
munis,9
below,9
money,9
links,9
ravin,9
plate,9
these,9
fallu,9
types,9
vraie,9
gnait,9
dette,9
ferai,9
cider,9
confr,9
neuve,9
saisi,9
impun,9
trace,9
henri,9
baiss,9
crise,9
vrais,9
nager,9
mange,9
lueur,9
jaune,9
seras,9
tress,9
avoue,9
tekla,9
serez,9
poids,9
found,9
tenue,9
subir,9
sorti,9
morin,9
marqu,9
crite,9
folie,9
means,9
aceni,9
invit,9
start,9
inexp,9
joint,8
teaux,8
halte,8
sages,8
gagne,8
balan,8
aider,8
auras,8
grade,8
roman,8
avare,8
bleue,8
effor,8
paupi,8
clats,8
citer,8
cessa,8
gorie,8
lisez,8
lions,8
check,8
solde,8
faune,8
devin,8
tsana,8
nuits,8
email,8
tapes,8
ample,8
peaux,8
ronde,8
ussit,8
jambe,8
jugea,8
wallo,8
pleur,8
odeur,8
nards,8
jette,8
domet,8
chair,8
cente,8
rayon,8
dufey,8
osait,8
raire,8
halle,8
cache,8
chaud,8
peupl,8
taill,8
geste,8
avisa,8
porti,8
latin,8
sexes,8
thode,7
marat,7
tigni,7
gants,7
enfon,7
guant,7
divis,7
geait,7
guise,7
assit,7
paire,7
battu,7
tissu,7
exact,7
verse,7
huile,7
serra,7
gards,7
diplo,7
filer,7
close,7
aises,7
coule,7
gager,7
gante,7
ferez,7
amara,7
nulle,7
aimez,7
nelly,7
japon,7
clerc,7
barqu,7
brick,7
logis,7
usure,7
gende,7
golfe,7
bijou,7
gorge,7
bancs,7
baisa,7
saura,7
tudie,7
fruit,7
issue,7
soirs,7
vides,7
voyag,7
pensa,7
sumer,7
tique,7
hardi,7
intol,7
ramen,7
poche,7
riter,7
grima,7
rafra,7
siffl,7
liste,6
flanc,6
talon,6
fondu,6
garda,6
legal,6
pieux,6
based,6
mesur,6
album,6
fouet,6
there,6
vague,6
aigui,6
preux,6
linge,6
agaws,6
tremp,6
bruce,6
antes,6
dirai,6
usent,6
essay,6
ponds,6
roula,6
corde,6
dames,6
messe,6
sauve,6
barri,6
recul,6
roses,6
aimes,6
meurt,6
trous,6
affam,6
ascii,6
coles,6
gnant,6
sourd,6
cruel,6
cesse,6
entam,6
verts,6
finie,6
bouts,6
odore,6
sulte,6
ressa,6
aride,6
breux,6
malin,6
tarda,6
rions,6
compt,6
small,6
ation,6
rants,6
nomma,6
aurai,6
rends,6
costs,6
coude,6
finis,6
bound,6
danse,6
shall,6
phant,6
vents,6
pandu,6
crini,6
exige,6
couru,6
rules,6
effac,6
siens,6
tiksa,6
irait,6
exerc,6
akala,6
ciale,6
dante,6
flatt,6
bagne,6
vendu,6
sache,6
truit,5
folle,5
lourd,5
morny,5
volte,5
urent,5
lente,5
tante,5
blocs,5
vigne,5
parie,5
probl,5
faces,5
diait,5
janin,5
septi,5
clame,5
whist,5
bouza,5
adore,5
biter,5
picot,5
emmen,5
mence,5
bacha,5
abonn,5
ories,5
aille,5
monts,5
effar,5
dirig,5
genou,5
matie,5
canon,5
bravo,5
riait,5
duite,5
rales,5
pides,5
royal,5
rival,5
rocit,5
plaid,5
gumes,5
tonna,5
pouse,5
motiv,5
duret,5
roide,5
durer,5
pacha,5
neige,5
ajout,5
creux,5
stole,5
laver,5
rende,5
syoum,5
ciser,5
baria,5
rampe,5
honte,5
nient,5
sunir,5
bible,5
verra,5
dicis,5
boule,5
mique,5
tront,5
aquin,5
subit,5
salua,5
odale,5
roule,5
sauta,5
notes,5
devez,5
grain,5
tache,5
divin,5
senti,5
fiert,5
marie,5
prime,5
feras,5
oncle,5
banni,5
ruban,5
autel,5
berge,5
rapha,5
doubl,5
mosqu,5
total,5
coiff,5
nouer,5
veine,5
revue,5
pompe,5
crits,5
sobre,5
pench,5
puret,5
torts,5
crins,5
vivez,5
solut,5
carlo,4
verte,4
sympt,4
plong,4
siter,4
ancre,4
nesse,4
punis,4
pidit,4
basan,4
gions,4
achat,4
marka,4
simon,4
mince,4
tribu,4
riode,4
warka,4
douta,4
fugia,4
puise,4
onner,4
codes,4
tuent,4
niens,4
pital,4
hache,4
miens,4
rites,4
malte,4
nette,4
criez,4
enfer,4
nilek,4
achet,4
usait,4
fourr,4
coran,4
carri,4
empar,4
pouls,4
ennui,4
angle,4
nudit,4
tenez,4
chers,4
vases,4
envoi,4
lante,4
idole,4
raser,4
reuse,4
boute,4
irais,4
neveu,4
mette,4
bluth,4
copie,4
nages,4
scher,4
telet,4
spiro,4
trier,4
perse,4
veste,4
tesse,4
futer,4
pusse,4
diras,4
usine,4
clate,4
poing,4
abrit,4
amies,4
actif,4
assid,4
ajust,4
canne,4
trant,4
plomb,4
agers,4
rires,4
jetez,4
lices,4
gliss,4
nappe,4
menac,4
gouza,4
bloui,4
gence,4
arago,4
class,4
figur,4
harem,4
acide,4
exist,4
resse,4
pines,4
ploie,4
orage,4
puisa,4
carry,4
agnat,4
beuve,4
liens,4
saine,4
cipit,4
gourm,4
hampe,4
brest,4
rudes,4
bazar,4
fumer,4
nuire,4
wollo,4
ruses,4
serre,4
tronc,4
initi,4
afars,4
crisp,4
toits,4
serts,4
tards,4
rompu,4
lettr,4
bains,4
globe,4
nante,4
aigle,4
fable,4
those,3
cures,3
anime,3
staff,3
often,3
courb,3
lundi,3
odyss,3
plane,3
creus,3
seizi,3
hocha,3
soupe,3
renom,3
ybaba,3
vivra,3
issah,3
could,3
ciaux,3
frein,3
amena,3
exasp,3
sobri,3
serva,3
pouce,3
punit,3
amont,3
sirop,3
clare,3
occur,3
foire,3
clama,3
ferma,3
allow,3
reins,3
inesp,3
blond,3
pleut,3
juifs,3
apply,3
title,3
bulla,3
voeux,3
chief,3
riser,3
pargn,3
range,3
noyau,3
couta,3
rient,3
solue,3
vites,3
coins,3
given,3
takes,3
guzla,3
diane,3
ussir,3
manda,3
nuent,3
rebut,3
dormi,3
estim,3
mines,3
siste,3
accru,3
years,3
paper,3
loyer,3
serte,3
agite,3
butte,3
oeufs,3
forma,3
nerfs,3
ambre,3
raide,3
sembl,3
pique,3
maque,3
joncs,3
fonci,3
noyer,3
sales,3
natal,3
geant,3
cohue,3
fould,3
taxes,3
clata,3
print,3
adult,3
munir,3
makes,3
virus,3
party,3
sider,3
afflu,3
perds,3
huiti,3
menus,3
meure,3
tunis,3
cheux,3
naine,3
taler,3
array,3
touff,3
while,3
dijon,3
riels,3
punir,3
cease,3
canot,3
feint,3
galer,3
ports,3
abide,3
excit,3
color,3
longe,3
oliva,3
goals,3
diate,3
diens,3
tours,3
congr,3
swamp,3
nubie,3
usant,3
gross,3
cidai,3
elect,3
loose,3
wadla,3
claim,3
strat,3
pomis,3
cabet,3
relie,3
baign,3
tuera,3
gimes,3
encre,3
molir,3
bague,3
pedro,3
meubl,3
singe,3
cuirs,3
ateur,3
feyen,3
tyran,3
jacob,3
direz,3
wolka,3
menti,3
coula,3
natte,3
voler,3
crets,3
livra,3
neufs,3
lites,3
fends,3
yemen,3
cacha,3
abuse,3
brile,3
alone,3
germe,3
fenil,3
glace,3
tuait,3
clara,3
named,3
learn,3
inalt,3
north,3
cases,3
souri,3
combl,3
roues,3
remet,3
suive,3
roger,3
pairs,3
walks,3
avoua,3
daign,3
ovide,3
ignor,3
leste,3
lacet,3
tasse,3
casse,3
bases,3
newby,3
essuy,3
share,3
arise,3
tueux,3
amass,3
peste,3
cuite,3
roces,3
teurs,3
soign,3
lerin,3
tarif,3
mises,3
tagad,2
dicte,2
opter,2
calma,2
vocif,2
pente,2
paume,2
cence,2
fiait,2
dards,2
enivr,2
taine,2
apost,2
mande,2
sucre,2
dient,2
doges,2
ibaba,2
extra,2
local,2
somma,2
lents,2
trame,2
polic,2
luder,2
notez,2
lampe,2
essai,2
chelo,2
dupin,2
suffi,2
dures,2
figue,2
fusse,2
gacha,2
rical,2
bombe,2
flots,2
picta,2
laids,2
culer,2
joies,2
pater,2
giron,2
baise,2
errer,2
sueur,2
corch,2
rouen,2
burin,2
hissa,2
dupes,2
opini,2
ronni,2
rides,2
valer,2
osais,2
cuell,2
limit,2
dains,2
licit,2
brute,2
luira,2
synth,2
rouet,2
fixes,2
cumul,2
cient,2
diant,2
loupe,2
ienne,2
lapin,2
caves,2
vader,2
venin,2
arche,2
roche,2
jeudi,2
colte,2
pesth,2
cassa,2
tacho,2
molle,2
tende,2
minin,2
gaule,2
godin,2
caste,2
scell,2
empis,2
jolis,2
fiche,2
grise,2
seins,2
cises,2
gagna,2
lonie,2
priez,2
jouis,2
iodom,2
furie,2
chaos,2
envol,2
issus,2
mimes,2
aides,2
jupon,2
teste,2
typho,2
ligue,2
dogme,2
racit,2
sauva,2
ciens,2
rugin,2
leuse,2
causa,2
jarre,2
ondul,2
savou,2
panac,2
moque,2
apoth,2
kobla,2
dentu,2
incoh,2
gitim,2
tarde,2
palla,2
mardi,2
gobat,2
fosse,2
assuj,2
rober,2
laide,2
levai,2
gonfl,2
verdi,2
farka,2
melan,2
lodie,2
amble,2
calqu,2
tchok,2
liges,2
beige,2
tison,2
brisa,2
futur,2
touss,2
anges,2
nagez,2
natur,2
solus,2
laiti,2
jabot,2
choir,2
luire,2
forum,2
index,2
conta,2
pires,2
infid,2
glait,2
damas,2
sagum,2
revus,2
fiers,2
doses,2
ruser,2
niams,2
corer,2
april,2
vogel,2
tisme,2
lides,2
rives,2
secou,2
nedjd,2
remue,2
sange,2
couvr,2
parez,2
ronds,2
fianc,2
pagne,2
bleus,2
gradu,2
basso,2
clart,2
sonne,2
cible,2
polie,2
onnet,2
hadji,2
dales,2
versa,2
corot,2
avide,2
charm,2
silos,2
drape,2
irons,2
lames,2
outil,2
coupa,2
avort,2
macao,2
tuant,2
modes,2
horro,2
prive,2
cuivr,2
vorer,2
virat,2
antin,2
nique,2
nuque,2
sains,2
renon,2
ouais,2
umbon,2
dater,2
manet,2
tuyau,2
osent,2
puits,2
gouts,2
timor,2
espac,2
world,2
nault,2
quint,2
acqui,2
sinus,2
prose,2
brown,2
liant,2
mazas,2
draps,2
erron,2
moign,2
hydre,2
centi,2
dulit,2
immod,2
lopin,2
impur,2
civet,2
cotis,2
crase,2
renan,2
bonds,2
bulle,2
choux,2
colle,2
noces,2
niers,2
clefs,2
conde,2
rudit,2
zoros,2
tortu,2
cavit,2
bours,2
lieue,2
dense,2
orsay,2
chies,2
adapt,2
salue,2
pomme,2
ciels,2
gueux,2
opard,2
corse,2
sotte,2
ceint,2
alpes,2
amusa,2
sulta,2
cousu,2
parth,2
fiant,2
niais,2
della,2
magne,2
ovale,2
stage,2
ficit,2
ivres,2
celer,2
soies,2
dompt,2
branl,2
chent,2
bourg,2
vider,2
dicta,2
bouff,2
admet,2
nadar,2
tures,2
revis,2
cuire,2
adonn,2
raill,2
aigre,2
pivot,2
filou,2
bahri,2
anath,2
cynoc,2
checs,2
https,2
payez,2
onard,2
tinos,1
allia,1
novum,1
rotto,1
ameut,1
mulet,1
motte,1
estoc,1
maroc,1
rames,1
lords,1
sunis,1
gente,1
peaks,1
macam,1
repue,1
troph,1
apens,1
fakir,1
mosth,1
forge,1
ramus,1
oints,1
anacr,1
cumes,1
ravir,1
hauss,1
neurs,1
netch,1
caill,1
tuves,1
henry,1
misse,1
cirer,1
molit,1
annex,1
tuons,1
junon,1
bivac,1
cercl,1
jucha,1
chons,1
durci,1
chica,1
trise,1
pures,1
orang,1
cluse,1
veaux,1
noter,1
liait,1
tabar,1
imite,1
satan,1
avise,1
chale,1
rugit,1
glant,1
vogue,1
nagea,1
tordu,1
lacha,1
bidet,1
engin,1
illum,1
mahon,1
carta,1
biche,1
toise,1
honni,1
boite,1
pores,1
rante,1
devan,1
tacha,1
peter,1
canif,1
coces,1
karra,1
oeils,1
bilan,1
nonce,1
lerez,1
purer,1
happe,1
clous,1
larme,1
expia,1
verbe,1
chamo,1
robes,1
azabo,1
bilat,1
rayer,1
fagon,1
digue,1
cadet,1
cribl,1
muets,1
gales,1
voire,1
voies,1
rugis,1
belly,1
tains,1
naras,1
kaffa,1
pacte,1
ruant,1
trahi,1
sayon,1
kader,1
chire,1
imput,1
ducal,1
plore,1
antre,1
niche,1
tirai,1
diera,1
robin,1
ponts,1
acari,1
sunie,1
greff,1
ripat,1
acier,1
coche,1
haies,1
ahuri,1
cella,1
guano,1
sucra,1
hurle,1
usuel,1
garit,1
erres,1
lesse,1
antir,1
rebus,1
apart,1
fiole,1
rhume,1
cabra,1
sexag,1
parqu,1
proue,1
rauch,1
fluat,1
balay,1
balle,1
ormes,1
mordu,1
talla,1
arbor,1
pulla,1
valve,1
crues,1
tibre,1
campo,1
volin,1
sunit,1
duras,1
antan,1
trent,1
saign,1
russe,1
medir,1
frise,1
menue,1
nacre,1
boues,1
haylo,1
syrie,1
loyal,1
major,1
barye,1
juive,1
molie,1
plait,1
rudde,1
nisse,1
pansu,1
avale,1
cheik,1
pilla,1
kurde,1
alarm,1
mulot,1
vante,1
borgo,1
tudia,1
jonch,1
vouer,1
priai,1
rotin,1
allou,1
sires,1
tiste,1
sorci,1
gonds,1
terez,1
voter,1
navet,1
hotte,1
compi,1
zaros,1
torse,1
cendr,1
folio,1
gonza,1
croup,1
funts,1
veuse,1
crott,1
louve,1
lotis,1
sangl,1
pinal,1
bachi,1
rougi,1
ences,1
malle,1
gnent,1
douin,1
limus,1
caron,1
didot,1
ponon,1
pousa,1
semer,1
biles,1
briks,1
wacen,1
gueul,1
bleds,1
borne,1
vicie,1
routa,1
laxus,1
maint,1
lippu,1
pesne,1
liard,1
galbe,1
diter,1
duvet,1
adals,1
nodes,1
milie,1
potel,1
heurt,1
atsbi,1
gobos,1
gayas,1
ester,1
peser,1
havre,1
endur,1
dotal,1
devra,1
enray,1
mones,1
usurp,1
goyon,1
sport,1
dules,1
boira,1
ciais,1
nivel,1
galil,1
zards,1
weiss,1
fermi,1
immol,1
panne,1
corce,1
bauge,1
empil,1
criai,1
relay,1
vichy,1
vains,1
demie,1
inali,1
sombr,1
admit,1
drale,1
lilas,1
chira,1
tapit,1
grinc,1
lavez,1
raret,1
tages,1
ralli,1
brill,1
layai,1
traqu,1
pluvi,1
aboli,1
tisez,1
barbu,1
croul,1
urnes,1
exile,1
kiang,1
belaw,1
oromo,1
compr,1
othon,1
lyres,1
jurer,1
goire,1
nenni,1
gnome,1
muser,1
cacod,1
gamin,1
scrut,1
fente,1
aidez,1
toung,1
nelon,1
farad,1
cisme,1
valut,1
ouvri,1
accot,1
sonna,1
jouet,1
nalit,1
chera,1
guebr,1
latus,1
giens,1
conif,1
ludet,1
picor,1
hymne,1
amend,1
lucie,1
tuels,1
inond,1
abate,1
gomme,1
aveux,1
agile,1
lanta,1
furka,1
opold,1
mater,1
niell,1
aigri,1
tises,1
chues,1
miett,1
statu,1
debut,1
iront,1
tacon,1
cutan,1
parad,1
woust,1
busse,1
cubes,1
limbe,1
empan,1
masqu,1
accul,1
cules,1
kadis,1
walha,1
mutin,1
boucl,1
furet,1
vitre,1
pices,1
plais,1
canal,1
secte,1
embat,1
nicod,1
bosse,1
duels,1
enfum,1
hamac,1
meurs,1
ihout,1
agora,1
buona,1
rilit,1
simul,1
rider,1
baret,1
rolet,1
lance,1
sapin,1
miell,1
villy,1
tangs,1
marin,1
colla,1
lasse,1
bruni,1
teuse,1
djins,1
olive,1
tiges,1
mondo,1
raviv,1
arros,1
giste,1
duira,1
clore,1
grill,1
marsh,1
sacre,1
lassa,1
maugr,1
guent,1
brode,1
satin,1
banar,1
penny,1
ssent,1
grief,1
cuple,1
alise,1
fours,1
incit,1
velut,1
favre,1
boxes,1
micha,1
buses,1
bison,1
trucs,1
gares,1
morue,1
grimp,1
tence,1
cygne,1
ulloa,1
pecez,1
cluny,1
braqu,1
rouse,1
richo,1
sauce,1
misph,1
moule,1
guind,1
bidja,1
cages,1
barra,1
glent,1
talma,1
trich,1
alleu,1
crasa,1
labor,1
choie,1
phase,1
munit,1
abrog,1
boude,1
naire,1
colis,1
milan,1
texts,1
repli,1
ravit,1
pozzo,1
ligua,1
tiole,1
otype,1
lycas,1
plaie,1
juron,1
doive,1
choue,1
orale,1
perch,1
horde,1
paves,1
takla,1
ditez,1
neuvi,1
rixes,1
abrou,1
opium,1
miner,1
revit,1
bandi,1
papes,1
triez,1
atone,1
licol,1
otard,1
savel,1
malot,1
chase,1
ditif,1
carts,1
morne,1
gouxa,1
gains,1
priap,1
tents,1
bistr,1
touwa,1
siner,1
walde,1
unira,1
pipes,1
claye,1
enoch,1
hoche,1
prima,1
teras,1
dinnk,1
onces,1
murat,1
xxvii,1
marge,1
mites,1
viser,1
risse,1
melon,1
omnes,1
jouie,1
patte,1
pecer,1
repla,1
reyne,1
effil,1
polis,1
infus,1
claqu,1
missi,1
taies,1
chars,1
votez,1
bilit,1
nirai,1
rompt,1
arles,1
ciles,1
lirez,1
vexer,1
arnal,1
lutin,1
flore,1
psych,1
dente,1
vreux,1
kacys,1
limin,1
rabot,1
ploya,1
nates,1
fende,1
touft,1
parai,1
nacit,1
viole,1
bucha,1
lucre,1
attis,1
ahmet,1
renie,1
dires,1
barre,1
cadoc,1
paner,1
nudus,1
amuse,1
chaix,1
littr,1
tolla,1
vidai,1
vache,1
jugez,1
lique,1
fatal,1
riles,1
value,1
vaine,1
aspir,1
fisse,1
borde,1
laval,1
orner,1
gache,1
voila,1
appas,1
isole,1
lapon,1
passy,1
issez,1
niait,1
punie,1
mahom,1
derai,1
thore,1
dilat,1
pugne,1
pluch,1
fanes,1
repus,1
cimen,1
terie,1
punch,1
queen,1
sahel,1
brait,1
palpa,1
drats,1
anazo,1
lerne,1
parus,1
tueur,1
filet,1
tenta,1
attel,1
santo,1
soupa,1
suave,1
mitwa,1
fauss,1
stade,1
altro,1
cepte,1
align,1
valua,1
ridon,1
paraf,1
laena,1
cumer,1
scier,1
poses,1
maria,1
humer,1
racin,1
surgi,1
forty,1
lloyd,1
groom,1
nerai,1
metch,1
langu,1
encan,1
dumas,1
aptes,1
misil,1
glige,1
annul,1
anses,1
lovys,1
habta,1
gouma,1
gique,1
enfil,1
neaux,1
rueil,1
ching,1
opage,1
maras,1
boxer,1
ayons,1
cintr,1
grale,1
tends,1
ribes,1
gilet,1
iphig,1
broua,1
osier,1
siode,1
tubes,1
aviva,1
soles,1
adoss,1
merli,1
charn,1
sommi,1
bigot,1
chert,1
orgie,1
sihil,1
pites,1
brune,1
fauve,1
grues,1
vinci,1
reire,1
gravi,1
sitai,1
piano,1
