usted,505
todos,228
sobre,190
hasta,172
duque,166
todas,127
mujer,126
entre,113
conde,109
aquel,105
desde,105
menos,105
mismo,104
mundo,101
hecho,97
nariz,93
diego,92
peque,90
pobre,90
nunca,89
tiene,88
madre,79
coraz,78
despu,77
tanto,77
mejor,76
mucho,76
joven,74
veces,71
hacer,69
tambi,69
amigo,68
works,64
puede,60
noche,60
padre,58
calle,57
antes,57
dicho,57
buena,57
decir,56
hacia,55
visto,55
donde,54
tengo,54
manos,54
haber,53
viejo,52
nadie,51
marqu,51
viuda,49
medio,47
terms,47
estoy,47
parec,44
parte,43
nuevo,43
quien,41
vivir,39
misma,39
ltimo,38
fuese,38
alegr,37
otros,37
extra,35
tener,35
orita,34
meses,34
tendr,34
about,34
compa,34
ahora,33
dicha,33
renta,33
mayor,32
cosas,32
dulce,32
honor,32
ndose,31
ayvaz,30
salud,29
horas,29
villa,29
hotel,29
lugar,29
estar,29
morir,29
cinco,29
other,28
largo,28
cielo,28
ellos,27
bueno,27
matar,27
dejar,26
dolor,26
vista,26
miedo,26
capaz,26
pesar,26
fondo,26
otras,25
inter,25
comer,25
viaje,25
nueva,24
conoc,24
ebook,24
gafas,24
carta,23
coche,23
volvi,23
deber,23
saber,23
ndole,23
tarde,22
puedo,22
color,22
pasar,22
brazo,22
class,22
linda,22
vamos,22
noble,22
quiso,21
ellas,21
lejos,21
vieja,21
media,21
dicos,21
gusto,21
campo,20
traje,20
hemos,20
poder,20
salir,20
falta,19
turco,19
creer,19
venes,19
cerca,19
sitio,18
papel,18
estas,18
libro,18
bella,18
fuera,18
hacen,18
agree,18
punto,17
tomar,17
trata,17
negro,17
estos,17
forth,16
igual,16
valor,16
capit,16
pglaf,16
opera,16
menor,16
title,15
tanta,15
pocas,15
ltima,15
abrir,15
mateo,15
queda,15
digno,15
rculo,15
https,15
darle,14
sinti,14
golpe,14
corri,14
amado,14
casas,14
hijos,14
pecho,14
which,14
juego,13
baile,13
orito,13
verle,13
todav,13
dicen,13
larga,13
trozo,13
siete,13
libre,13
state,13
ayuda,13
tenga,13
pasos,13
china,13
maese,12
nicas,12
saint,12
under,12
ctima,12
rselo,12
armas,12
curar,12
llama,12
ideas,12
acaso,12
subir,12
fuego,12
islas,12
amaba,12
lleno,11
gesto,11
franc,11
calor,11
pocos,11
ahmed,11
clase,11
causa,11
venir,11
ruido,11
suelo,11
blico,11
humor,11
perdi,11
digna,11
habla,10
polic,10
ndalo,10
mitad,10
arroj,10
verla,10
resto,10
tumba,10
dedos,10
echar,10
circo,10
claro,10
firme,10
forma,10
compr,10
moral,10
ronse,10
negra,10
santa,10
ocasi,10
luego,10
almas,10
pueda,10
santo,10
somos,10
owner,10
input,9
beber,9
opini,9
favor,9
sonri,9
justo,9
sonre,9
feliz,9
duelo,9
emoci,9
temor,9
tonel,9
punta,9
plaza,9
cirug,9
corte,9
rdida,9
plata,9
abril,9
start,9
vejez,9
gente,8
grado,8
pensi,8
autor,8
using,8
carne,8
sable,8
asist,8
recib,8
serio,8
bolsa,8
danza,8
label,8
paseo,8
prisa,8
seres,8
guard,8
mueca,8
ntimo,8
llave,8
ganar,8
traer,8
domet,8
culpa,8
gimen,8
poner,8
stico,8
right,8
casar,8
viene,8
grito,8
ndola,8
frase,7
lindo,7
casta,7
venga,7
novia,7
sirve,7
rcito,7
hojas,7
silla,7
visit,7
rival,7
ramas,7
deten,7
error,7
sicos,7
mirar,7
ciles,7
coloc,7
fatal,7
vapor,7
orden,7
deseo,7
nueve,7
busca,7
rompi,7
acero,6
legal,6
lidos,6
tarea,6
jaros,6
daban,6
monta,6
repet,6
below,6
money,6
links,6
metro,6
these,6
llena,6
arena,6
perro,6
patio,6
sigui,6
fijos,6
email,6
tales,6
genio,6
halla,6
etazo,6
lecci,6
ruina,6
vendr,6
ronle,6
cargo,6
where,6
avanz,6
aires,6
norte,6
lecho,6
recta,6
found,6
bello,6
reloj,6
oblig,6
darse,6
lleva,6
pluma,6
turqu,6
means,6
salto,6
siglo,6
ticos,6
reina,6
calma,5
rsela,5
atrev,5
enero,5
whist,5
ticas,5
oraci,5
preso,5
falsa,5
energ,5
juana,5
ricos,5
pagar,5
vivos,5
lunes,5
presa,5
solos,5
dosis,5
bordo,5
basta,5
ramos,5
mostr,5
acull,5
fumar,5
reino,5
carec,5
darme,5
damas,5
obrar,5
galer,5
junto,5
cuyos,5
vemos,5
empez,5
techo,5
trato,5
rojos,5
acept,5
sopas,5
ofrec,5
muera,5
borde,5
besos,5
suave,5
viven,5
campi,5
ramis,5
llega,5
querr,5
monte,4
artes,4
curso,4
jugar,4
aldea,4
plain,4
sucio,4
semos,4
llego,4
greif,4
based,4
gotas,4
ocupa,4
abren,4
aburr,4
there,4
deuda,4
acudi,4
rmelo,4
ruego,4
incre,4
verse,4
reten,4
abajo,4
dedic,4
rabia,4
durmi,4
cause,4
sabes,4
dirig,4
bravo,4
mucha,4
nieto,4
ginas,4
banco,4
check,4
grano,4
actos,4
spiro,4
spera,4
pedir,4
lados,4
venta,4
hayan,4
ascii,4
besar,4
grave,4
ceder,4
cruel,4
enter,4
rmino,4
negar,4
sirvi,4
mpago,4
sabio,4
entra,4
valla,4
acaba,4
quede,4
drama,4
culos,4
vicio,4
olvid,4
cuyas,4
veras,4
tendi,4
final,4
celos,4
caldo,4
small,4
ncipe,4
temer,4
sordo,4
esper,4
files,4
gasta,4
chuck,4
julio,4
guapo,4
escap,4
poeta,4
rosas,4
costs,4
bound,4
shall,4
value,4
blica,4
plena,4
rules,4
pieza,4
nidos,4
modos,4
bitos,4
march,4
jaula,4
nacer,4
place,4
invit,4
globo,3
juega,3
polvo,3
pulos,3
timos,3
stica,3
nasal,3
algod,3
temen,3
bajar,3
pelda,3
plano,3
sudor,3
oreja,3
valen,3
doble,3
codos,3
parar,3
hijas,3
malos,3
malta,3
trono,3
torno,3
digan,3
scara,3
pared,3
nicos,3
poles,3
deben,3
pondr,3
dices,3
rogar,3
mpida,3
sobra,3
hogar,3
voces,3
sonar,3
aplic,3
cesar,3
raras,3
marzo,3
desea,3
ricas,3
junio,3
tirar,3
guila,3
nivel,3
imped,3
ocios,3
ejerc,3
lebre,3
plato,3
rtice,3
sforo,3
pagan,3
salen,3
brida,3
tonto,3
rango,3
refer,3
locas,3
ocurr,3
foyer,3
robar,3
vende,3
manto,3
alada,3
pulso,3
banse,3
sutil,3
brisa,3
canal,3
corre,3
verlo,3
nieve,3
micos,3
lance,3
sorda,3
fruta,3
parti,3
grupo,3
ficas,3
cenar,3
finas,3
dudar,3
corta,3
nubes,3
buque,3
leyes,3
campa,3
ambas,3
mesas,3
altar,3
rayos,3
flaco,3
menes,3
armaz,3
ardor,3
mpara,3
signo,3
tinto,3
ntese,3
legua,3
vengo,3
matan,3
acost,3
prima,3
playa,3
simos,3
nebre,3
tened,3
hadas,3
rubia,3
lento,3
rmela,3
posee,3
cuide,3
ambos,3
corto,3
crees,3
costa,3
hecha,3
clara,3
patas,3
eligi,3
fines,3
amiga,3
pasan,3
firma,3
latir,3
manga,3
ndolo,3
clima,3
hablo,3
canto,3
lculo,3
bamos,3
chien,2
those,2
fuere,2
staff,2
often,2
hench,2
rodar,2
cogen,2
corso,2
nsula,2
caras,2
licos,2
rasgo,2
recre,2
suben,2
rompe,2
could,2
burla,2
agent,2
aguas,2
visti,2
ximos,2
ancho,2
apret,2
asust,2
ponen,2
rmula,2
atado,2
hagan,2
broma,2
pablo,2
occur,2
lvora,2
honra,2
pares,2
fruto,2
codes,2
allow,2
cesta,2
suele,2
diose,2
leche,2
vayan,2
apply,2
llevo,2
cabra,2
india,2
yerno,2
confi,2
cajas,2
chief,2
genes,2
mordi,2
ronca,2
poema,2
venda,2
reuni,2
muere,2
attic,2
verja,2
golfo,2
parda,2
repar,2
ptico,2
fuero,2
ctica,2
notas,2
given,2
group,2
borgo,2
suyos,2
sofos,2
takes,2
cambi,2
melod,2
ganas,2
xitos,2
letra,2
panza,2
vinos,2
toman,2
verde,2
diese,2
vivas,2
cerco,2
cuida,2
logos,2
simas,2
tiles,2
acabo,2
biles,2
types,2
years,2
paper,2
gemir,2
indio,2
salva,2
ilusi,2
dejan,2
odiar,2
soplo,2
pesta,2
rgano,2
andar,2
apolo,2
filas,2
culto,2
lilas,2
poros,2
joyas,2
sacud,2
agita,2
monos,2
width,2
taxes,2
ctico,2
llano,2
print,2
valgo,2
labas,2
makes,2
virus,2
verdi,2
lazos,2
party,2
velas,2
melan,2
torpe,2
paces,2
pidas,2
porta,2
sufre,2
tomas,2
besan,2
poseo,2
serle,2
bodeg,2
finos,2
aleja,2
ducha,2
array,2
choza,2
ayude,2
nimas,2
salvo,2
while,2
gusta,2
curan,2
burgu,2
cease,2
datan,2
sepas,2
furor,2
hiela,2
grand,2
recon,2
girar,2
altos,2
hable,2
alado,2
vasta,2
abide,2
goals,2
saben,2
ndulo,2
bajan,2
lleve,2
bodas,2
lucha,2
adopt,2
nitos,2
apoyo,2
azote,2
mulos,2
swamp,2
gozar,2
gross,2
emple,2
brome,2
plomo,2
ngulo,2
elect,2
loose,2
midos,2
brica,2
macao,2
fecha,2
apego,2
claim,2
comen,2
verso,2
barba,2
tigre,2
jabal,2
antin,2
antec,2
tarda,2
abord,2
exist,2
bajas,2
locos,2
pisos,2
unido,2
comez,2
jacob,2
males,2
rumor,2
ensue,2
viste,2
quick,2
carry,2
vacas,2
rsele,2
style,2
picos,2
habit,2
agudo,2
ritos,2
dando,2
antig,2
venas,2
alone,2
prest,2
adora,2
savia,2
odios,2
casos,2
trate,2
merec,2
salas,2
named,2
pages,2
exige,2
obras,2
learn,2
north,2
quina,2
prado,2
serie,2
ciego,2
vasos,2
miles,2
tulos,2
rodea,2
walks,2
etapa,2
remos,2
image,2
talle,2
tajos,2
troya,2
stago,2
chino,2
rusos,2
flote,2
rubio,2
plica,2
newby,2
usaba,2
share,2
arise,2
dadle,2
verme,2
loado,2
cocha,2
relam,2
tabla,2
barco,2
rtelo,1
verte,1
usula,1
piden,1
tinos,1
cisma,1
socio,1
ficos,1
rotto,1
lisis,1
heces,1
lords,1
paral,1
cruda,1
vasto,1
rudas,1
ritus,1
coral,1
despi,1
plebe,1
farol,1
eleva,1
camas,1
darte,1
local,1
scale,1
bulas,1
minas,1
llame,1
chica,1
ratos,1
ngase,1
meras,1
serlo,1
cipes,1
subid,1
palet,1
rtese,1
enton,1
lente,1
carga,1
niega,1
huelo,1
bleme,1
borda,1
teaux,1
magra,1
tesis,1
alcib,1
vivid,1
finca,1
exhib,1
fases,1
ntase,1
hurra,1
resta,1
cobro,1
denos,1
kilos,1
divis,1
dadme,1
dioch,1
simon,1
aloja,1
aptas,1
arnos,1
varas,1
prosa,1
dulas,1
tribu,1
jarro,1
ocupo,1
grasa,1
desat,1
pater,1
vigor,1
sollo,1
chier,1
ahoga,1
busco,1
brota,1
suyas,1
dados,1
sufra,1
viril,1
tazas,1
ducal,1
toser,1
exija,1
hondo,1
valer,1
serme,1
sigue,1
casan,1
limit,1
jacto,1
terco,1
veros,1
chato,1
vaina,1
digos,1
apart,1
nimos,1
micas,1
liras,1
clero,1
palco,1
pista,1
tonta,1
pegar,1
corea,1
ideal,1
hueco,1
cifra,1
sucia,1
fixes,1
ximas,1
asado,1
veron,1
vanos,1
gasas,1
query,1
ntico,1
cient,1
gicos,1
llore,1
medir,1
chame,1
rompo,1
blanc,1
reley,1
rbaro,1
breta,1
edred,1
fices,1
coger,1
difer,1
corra,1
zcala,1
hundi,1
revel,1
tahal,1
aguda,1
separ,1
cieme,1
culas,1
dolos,1
echta,1
paneg,1
monge,1
gyges,1
roque,1
ptimo,1
sicas,1
quedo,1
queso,1
altas,1
autom,1
pleno,1
stuma,1
gubre,1
apaga,1
apopl,1
agach,1
abusa,1
model,1
pidan,1
padec,1
mares,1
rigor,1
relat,1
compi,1
remar,1
ayuno,1
rmese,1
viose,1
lidas,1
hipop,1
encar,1
juzga,1
fiera,1
jerga,1
ntoma,1
grifo,1
lamos,1
bruja,1
almac,1
cansa,1
aprob,1
civil,1
falto,1
estim,1
sople,1
roslo,1
bolos,1
salve,1
naval,1
amazo,1
pasea,1
gnomo,1
mpica,1
miope,1
copia,1
rdalo,1
uncir,1
gules,1
ocult,1
usado,1
acera,1
usada,1
adida,1
hidra,1
sitos,1
cazar,1
rrago,1
lveme,1
freno,1
hamza,1
enjug,1
crean,1
peras,1
tiras,1
apodo,1
sfera,1
bixio,1
admit,1
sombr,1
nieva,1
nteme,1
wrong,1
dudas,1
zorro,1
ptrgc,1
izmir,1
brill,1
digas,1
grajo,1
ratas,1
expon,1
secas,1
tubos,1
kiang,1
venia,1
copas,1
fosos,1
rudos,1
agarr,1
viena,1
casco,1
racha,1
banda,1
toung,1
rezar,1
viese,1
queja,1
botas,1
hielo,1
ultim,1
patos,1
canta,1
miren,1
valga,1
anlos,1
rejas,1
huele,1
ileso,1
metan,1
lucir,1
solas,1
delet,1
ntima,1
llamo,1
colch,1
licor,1
brinc,1
fusta,1
plugo,1
senil,1
abate,1
optad,1
tedra,1
menci,1
licas,1
redes,1
tibia,1
mater,1
vives,1
moros,1
zquez,1
tosen,1
remov,1
tisis,1
gesti,1
trota,1
vendi,1
albur,1
sesos,1
caros,1
bocas,1
auber,1
oyose,1
sapos,1
books,1
nacen,1
listo,1
falso,1
votos,1
notar,1
mozos,1
baila,1
suced,1
rotos,1
susto,1
sufro,1
mover,1
rrafo,1
puros,1
echas,1
rbole,1
viudo,1
trapo,1
ofend,1
votan,1
medit,1
crist,1
pillo,1
malas,1
denme,1
traes,1
venid,1
robos,1
cosen,1
prisi,1
barro,1
rasgu,1
admir,1
chonr,1
decid,1
caser,1
lides,1
regla,1
lulas,1
pague,1
stima,1
beben,1
cavar,1
incit,1
jurar,1
sorry,1
arias,1
zorra,1
eumeo,1
latra,1
laakk,1
temas,1
ulloa,1
engre,1
robas,1
opaco,1
lozan,1
henos,1
gases,1
barra,1
oveja,1
funde,1
labor,1
recia,1
voraz,1
borre,1
goces,1
echan,1
gicas,1
citos,1
meros,1
pozzo,1
ditas,1
bomba,1
blusa,1
sopor,1
empuj,1
labio,1
imita,1
garra,1
boule,1
dicis,1
quise,1
otorg,1
adura,1
cheme,1
cojea,1
hover,1
ridos,1
laten,1
hallo,1
mente,1
armar,1
harta,1
lunas,1
bailo,1
rtale,1
crita,1
false,1
aguja,1
zcame,1
chase,1
amase,1
rocas,1
acogi,1
salsa,1
ensay,1
brese,1
arque,1
tensi,1
primo,1
veloz,1
limpi,1
duran,1
crear,1
dejad,1
gasto,1
sanos,1
deste,1
errar,1
turlu,1
drico,1
manee,1
abraz,1
inequ,1
cieno,1
avaro,1
cairo,1
quido,1
turca,1
mites,1
secos,1
cianh,1
ncavo,1
pongo,1
vidas,1
pinos,1
caiga,1
utica,1
cejas,1
retir,1
cerdo,1
polis,1
lince,1
pollo,1
manco,1
stamo,1
reyes,1
arles,1
penas,1
saldr,1
rehus,1
nuera,1
rdoba,1
sabor,1
echte,1
modas,1
diger,1
ndoos,1
halle,1
rotas,1
tenor,1
telas,1
vence,1
dates,1
fonde,1
siles,1
yquen,1
ndice,1
desma,1
creen,1
divid,1
fenel,1
ntica,1
marca,1
sufri,1
fijad,1
rusia,1
would,1
rebaj,1
inici,1
think,1
encha,1
furia,1
barre,1
acuda,1
minti,1
graso,1
orsay,1
cubos,1
reduc,1
viles,1
banlo,1
toler,1
raros,1
matas,1
colsa,1
cenas,1
cobre,1
gorro,1
lgame,1
sabia,1
pitag,1
quisi,1
opino,1
banas,1
filos,1
dieta,1
luces,1
rabes,1
ofusc,1
herir,1
ahorr,1
marco,1
alarg,1
sares,1
queen,1
impon,1
palpa,1
medea,1
hilos,1
ndido,1
mareo,1
salga,1
sarta,1
align,1
burro,1
cubri,1
jaime,1
venus,1
gatos,1
diole,1
colmo,1
curen,1
vente,1
comet,1
selva,1
nsito,1
anual,1
sacan,1
lloyd,1
groom,1
recog,1
pizca,1
huevo,1
invad,1
acoge,1
ndote,1
grita,1
lucro,1
cuero,1
ntate,1
acert,1
dante,1
vocas,1
asked,1
capas,1
vagos,1
rdese,1
droga,1
arroz,1
cinta,1
afirm,1
atrae,1
ching,1
setos,1
desaf,1
bruto,1
asoci,1
tiran,1
rveme,1
lenta,1
logia,1
rpado,1
pasta,1
llegu,1
grima,1
queme,1
feroz,1
lvame,1
debes,1
yendo,1
legar,1
bearn,1
suizo,1
bulos,1
rpura,1
nombr,1
citar,1
llora,1
gatas,1
piano,1
rozar,1
maybe,1
