which,2154
their,1284
there,601
other,598
these,586
house,578
water,422
those,334
where,328
would,306
greek,290
above,281
being,281
every,277
great,269
under,268
first,263
three,257
place,252
about,248
walls,231
stone,221
front,211
shall,186
found,183
parts,175
trees,175
large,174
while,172
right,167
taste,164
whole,163
built,163
small,152
style,148
rooms,147
after,146
villa,143
works,142
among,136
never,136
given,135
round,134
means,132
light,128
floor,125
color,122
point,122
hence,118
could,118
brick,114
whose,113
equal,110
lines,109
order,107
still,104
ought,103
space,102
level,102
earth,102
white,96
sides,96
below,90
think,87
kinds,86
forth,84
upper,84
since,84
again,80
posts,80
lower,80
might,80
broad,79
drawn,79
taken,78
stock,76
third,76
doors,75
width,75
plain,74
terms,73
leads,73
state,73
doric,68
quite,67
years,67
thing,67
build,67
stand,66
makes,66
holes,66
power,65
close,65
short,65
green,64
forms,64
italy,62
fixed,60
north,60
rules,60
eight,59
along,59
shade,59
often,58
chief,58
labor,58
least,58
south,56
steps,55
ionic,54
times,53
human,52
gives,52
apart,51
seems,51
books,51
fruit,51
outer,50
quiet,50
hills,49
rural,49
black,49
leave,48
sheep,48
winds,47
beams,47
range,46
until,46
shown,45
solid,45
porch,45
voice,45
class,45
cases,45
pitch,45
seven,44
piece,44
comes,43
river,43
hours,43
opens,42
pipes,42
world,42
depth,41
roofs,41
thick,40
swiss,40
cause,39
known,39
grain,38
gable,38
added,38
fancy,37
scene,37
owner,37
dairy,36
angle,36
paper,36
smoke,36
plans,35
sound,35
heavy,35
study,34
story,34
signs,34
block,34
young,34
early,34
walks,34
decay,33
force,33
carry,33
named,33
bring,32
speak,32
agree,32
alone,32
inner,31
using,31
mixed,31
sight,31
curve,31
admit,31
tower,31
ebook,31
daily,31
owing,31
apply,30
burnt,30
miles,30
rough,30
takes,29
forum,29
clean,29
pride,28
horse,28
roman,28
throw,28
fifty,28
clear,28
ideas,28
pages,28
stove,27
sense,27
table,27
money,27
hands,27
field,26
stars,26
allow,26
sixth,26
going,26
edges,26
fifth,26
enter,26
sites,26
ready,25
worth,25
seats,25
ample,25
break,25
grand,25
shape,24
cella,24
reach,24
baths,24
tight,24
sixty,24
sweet,24
notes,24
board,24
pglaf,24
noble,24
later,23
cheap,23
eaves,23
boxes,23
towns,23
bases,23
plane,22
honey,22
faces,22
pains,22
wheel,22
truth,22
yards,22
skill,22
cross,22
forty,22
group,21
plate,21
cover,21
enemy,21
minor,21
woods,21
began,21
grace,20
diana,20
tiles,20
names,20
slope,20
glory,20
peace,20
usual,20
teeth,20
roots,20
looks,20
antae,20
shows,20
shore,20
doubt,19
treat,19
keeps,19
entry,19
women,19
loose,19
error,19
bound,19
begin,19
value,19
acres,19
crops,18
guide,18
frame,18
wants,18
heads,18
serve,18
barns,18
shaft,18
soils,18
drink,18
lying,18
asked,18
share,18
breed,17
grass,17
hives,17
exist,17
reads,17
brown,17
tooth,17
straw,16
touch,16
ochre,16
model,16
glass,16
enjoy,16
fowls,16
plank,16
birds,16
drive,16
stage,16
cloth,16
midst,16
month,15
wagon,15
proof,15
death,15
sharp,15
fresh,15
music,15
ships,15
venus,15
falls,14
plant,14
mines,14
waste,14
night,14
aware,14
raise,14
ropes,14
egypt,14
false,14
feels,14
learn,14
spoil,13
scale,13
horns,13
slate,13
needs,13
tones,13
allen,13
aside,13
vines,13
reeds,13
lakes,13
write,13
fault,13
finds,13
crown,13
alike,13
start,13
parks,12
flues,12
wells,12
goose,12
based,12
occur,12
rests,12
sills,12
views,12
minds,12
wings,12
paint,12
grown,12
utter,12
piles,12
modes,12
screw,12
store,12
lever,12
fully,12
sheds,12
blood,12
dozen,11
words,11
delay,11
lives,11
split,11
check,11
lands,11
doing,11
moved,11
heart,11
prove,11
total,11
humor,11
rocks,11
truly,11
fence,11
hardy,10
crags,10
palms,10
swine,10
meant,10
attic,10
paths,10
fires,10
siege,10
lewis,10
trust,10
spend,10
refer,10
party,10
offer,10
ashes,10
olive,10
bears,10
claim,10
judge,10
waves,10
holds,10
china,10
photo,10
marks,10
spain,10
roads,10
turns,10
stick,9
girts,9
glare,9
poles,9
links,9
harsh,9
visit,9
royal,9
wrong,9
email,9
flows,9
moves,9
mills,9
child,9
happy,9
spots,9
draws,9
lawns,9
unite,9
vents,9
piers,9
smell,9
empty,9
samos,9
drain,8
chalk,8
watch,8
naked,8
meson,8
azure,8
pores,8
kings,8
nurse,8
spent,8
cream,8
yield,8
organ,8
flesh,8
lathe,8
sandy,8
aisle,8
strip,8
grows,8
weeks,8
erect,8
woody,8
avoid,8
frost,8
nails,8
adopt,8
banks,8
unfit,8
veins,8
price,8
farms,8
weeds,8
hints,8
heard,8
spare,8
habit,8
lofty,8
alive,8
loses,8
finer,8
arise,8
rapid,8
homes,8
henry,7
fleet,7
local,7
sorts,7
chest,7
blows,7
lamps,7
saved,7
press,7
scott,7
flush,7
massy,7
jambs,7
alder,7
hooks,7
offal,7
dress,7
rises,7
worms,7
gifts,7
roses,7
knows,7
devon,7
dials,7
herds,7
dried,7
catch,7
climb,7
unity,7
cubes,7
moist,7
twice,7
guard,7
tenth,7
slabs,7
shell,7
sweep,7
files,7
costs,7
dense,7
event,7
tiber,7
court,7
image,7
peaks,6
joint,6
extra,6
orbit,6
ninth,6
legal,6
adorn,6
grape,6
dries,6
stays,6
sided,6
exact,6
apple,6
brook,6
racks,6
title,6
flock,6
juice,6
india,6
tiers,6
pound,6
libra,6
yokes,6
loads,6
blind,6
plato,6
nests,6
simae,6
lofts,6
stiff,6
float,6
lumps,6
shops,6
ascii,6
chain,6
teach,6
sunny,6
sorry,6
swamp,6
tears,6
charm,6
altar,6
storm,6
swill,6
aries,6
cubit,6
tepid,6
limbs,6
drops,6
folds,6
pines,6
spite,6
acute,6
poets,6
usage,6
raven,6
older,6
bloom,6
birth,6
axles,6
rings,6
fanes,6
meats,6
hutch,6
wider,6
tells,6
swing,6
folks,6
mists,5
bench,5
begun,5
antis,5
copse,5
filth,5
cedar,5
eurus,5
rains,5
layer,5
roomy,5
torus,5
likes,5
tried,5
limit,5
grove,5
ridge,5
rites,5
ideal,5
swell,5
resin,5
plays,5
arose,5
brief,5
stair,5
aosta,5
blank,5
coats,5
loved,5
basin,5
taxes,5
larch,5
moral,5
games,5
dwell,5
hilly,5
races,5
cured,5
stall,5
stood,5
ceres,5
comic,5
knots,5
sweat,5
frail,5
marsh,5
reply,5
lived,5
seeds,5
coast,5
dream,5
whale,5
gross,5
trade,5
syria,5
steep,5
folly,5
spade,5
arrow,5
quick,5
honor,5
elder,5
sleep,5
stout,5
cheer,5
worse,5
rotch,5
wound,5
studs,5
mason,4
somma,4
stern,4
delos,4
peter,4
purer,4
tests,4
sward,4
belly,4
stuff,4
fibre,4
beech,4
baked,4
varro,4
mouth,4
prone,4
grade,4
brute,4
dutch,4
bands,4
threw,4
sized,4
faint,4
crept,4
count,4
dance,4
linen,4
sugar,4
wives,4
tails,4
geese,4
naval,4
types,4
shrub,4
melas,4
theft,4
vesta,4
palla,4
scope,4
asses,4
dirty,4
trunk,4
atlas,4
merry,4
skins,4
chill,4
lover,4
xysta,4
tribe,4
items,4
bored,4
grave,4
array,4
snake,4
frank,4
cease,4
mercy,4
badly,4
abide,4
hinge,4
slave,4
emits,4
argos,4
philo,4
fills,4
shelf,4
bones,4
carts,4
drums,4
loves,4
misty,4
agnus,4
twins,4
cones,4
weigh,4
owned,4
armed,4
seeks,4
tools,4
burst,4
laugh,4
queen,4
tints,4
urine,4
flora,4
sizes,4
muses,4
lilac,4
wales,4
prize,4
union,4
pivot,4
sends,4
monte,3
staff,3
deeds,3
toils,3
sawed,3
rossa,3
pause,3
mossy,3
abode,3
meets,3
wrote,3
virgo,3
bolts,3
vivid,3
agent,3
beast,3
knife,3
saves,3
robes,3
darts,3
goods,3
boast,3
stuck,3
gales,3
codes,3
reber,3
twigs,3
amply,3
favor,3
vague,3
slips,3
sheet,3
cadiz,3
cents,3
plumb,3
blanc,3
caves,3
elbow,3
fount,3
annum,3
obols,3
lecco,3
petty,3
showy,3
essay,3
calls,3
stony,3
chios,3
canon,3
shift,3
shine,3
spray,3
wacke,3
fumes,3
print,3
train,3
facts,3
metop,3
ducks,3
crack,3
cloud,3
virus,3
track,3
noted,3
melan,3
slant,3
clown,3
youth,3
novel,3
match,3
trace,3
worst,3
blush,3
sails,3
fewer,3
gleam,3
index,3
panel,3
pulse,3
shoot,3
caria,3
echea,3
cares,3
goals,3
meals,3
clods,3
strap,3
foxes,3
crete,3
drove,3
gases,3
tiled,3
elect,3
flame,3
curse,3
patch,3
alley,3
trite,3
stamp,3
tread,3
baiae,3
lends,3
slide,3
mount,3
guest,3
crane,3
swift,3
chose,3
orion,3
swept,3
basis,3
score,3
swarm,3
goats,3
props,3
graze,3
helik,3
peach,3
fatal,3
cheia,3
smart,3
sober,3
burns,3
steam,3
fraud,3
snout,3
patty,3
muddy,3
hiero,3
tenon,3
gates,3
crude,3
sinew,3
ocean,3
balls,3
latin,3
knoll,3
james,3
pails,3
grant,3
newby,3
stems,3
merit,3
flank,3
chert,3
hangs,3
myron,3
crest,2
scorn,2
hurry,2
rolls,2
vocal,2
haunt,2
wiped,2
joins,2
drift,2
cared,2
rhine,2
shame,2
reion,2
thief,2
ardea,2
quoth,2
noses,2
trial,2
units,2
endow,2
suite,2
shoes,2
greif,2
cribs,2
busts,2
curly,2
snowy,2
swung,2
vigor,2
caius,2
eagle,2
paris,2
timid,2
mound,2
fanny,2
niche,2
bulky,2
pumps,2
latch,2
barry,2
ammon,2
cling,2
coals,2
girls,2
klima,2
ruder,2
surer,2
theme,2
arbor,2
fades,2
valve,2
borer,2
posey,2
tuned,2
dusky,2
indus,2
lambs,2
ruler,2
isles,2
puppy,2
penne,2
aliud,2
alarm,2
trait,2
reign,2
beach,2
woman,2
eared,2
excel,2
tibur,2
draft,2
aetna,2
beans,2
chaff,2
plums,2
yours,2
lacks,2
steel,2
avail,2
civil,2
geras,2
hoped,2
warps,2
tulip,2
plume,2
pansy,2
corus,2
steal,2
bevan,2
flaws,2
rusty,2
athos,2
cumae,2
infer,2
wages,2
aloes,2
butts,2
spout,2
crowd,2
loops,2
dwelt,2
agger,2
trash,2
shuts,2
tyana,2
ditch,2
reine,2
proud,2
bella,2
skies,2
putty,2
flood,2
knees,2
lanes,2
paces,2
tough,2
fairy,2
bread,2
colds,2
heaps,2
pliny,2
udder,2
hovey,2
edged,2
paved,2
feats,2
woven,2
gaudy,2
aptly,2
cruel,2
cocks,2
wheat,2
wedge,2
melos,2
clump,2
ripen,2
actor,2
xenia,2
traps,2
cunei,2
sinks,2
suits,2
liver,2
homer,2
tanks,2
souls,2
april,2
booty,2
grief,2
fools,2
perga,2
navel,2
porro,2
thank,2
daubs,2
whity,2
dyris,2
spica,2
isola,2
broke,2
looms,2
slats,2
rigid,2
ismuc,2
rails,2
bathe,2
aided,2
opium,2
necks,2
miner,2
bacon,2
novas,2
tract,2
lowly,2
chase,2
fever,2
final,2
oaken,2
snows,2
polus,2
gains,2
chair,2
feeds,2
manor,2
dikes,2
agony,2
nancy,2
issue,2
babel,2
aimed,2
chuck,2
jaffa,2
wears,2
prime,2
tithe,2
pints,2
lasts,2
ruled,2
spoke,2
spire,2
chips,2
mysia,2
chion,2
ruins,2
rhone,2
shady,2
syene,2
iliad,2
teano,2
leaps,2
curbs,2
ratio,2
slack,2
smile,2
freak,2
sword,2
herbs,2
bosom,2
fails,2
devil,2
shock,2
cubic,2
halls,2
fondi,2
hoare,2
hoops,2
sheaf,2
fluid,2
dorus,2
eager,2
maple,2
smoky,2
belts,2
ilium,2
pinax,2
paros,2
digit,2
brain,2
bends,2
poloi,2
flash,2
buist,2
femur,2
soles,2
katat,2
dared,2
damps,2
fiery,2
pools,1
chien,1
hobbs,1
cramp,1
crust,1
harry,1
terra,1
ferms,1
broom,1
fates,1
ricks,1
piled,1
istis,1
alloy,1
jacet,1
sofas,1
zygia,1
locus,1
rangy,1
thaer,1
skull,1
crime,1
minus,1
segar,1
whelp,1
rafts,1
beget,1
laden,1
regal,1
bleak,1
andes,1
rainy,1
choke,1
moore,1
fells,1
vogue,1
mahon,1
stalk,1
polar,1
dusty,1
moods,1
prude,1
euros,1
smelt,1
tying,1
tides,1
exits,1
grecs,1
simon,1
davis,1
shirt,1
dukes,1
david,1
drank,1
hovel,1
stirs,1
blaze,1
votes,1
gsell,1
lydia,1
jacks,1
sloth,1
slimy,1
solve,1
ultra,1
cheat,1
spike,1
wanes,1
joist,1
rouen,1
sulky,1
corps,1
newly,1
thigh,1
dealt,1
covey,1
crock,1
sages,1
feast,1
dregs,1
curia,1
frogs,1
quell,1
creak,1
dixon,1
dingy,1
guilt,1
rents,1
wines,1
spell,1
handy,1
graff,1
bakes,1
valid,1
fixes,1
awful,1
tills,1
tines,1
towed,1
verse,1
brave,1
poems,1
tinge,1
cloak,1
glows,1
venue,1
kaiei,1
watts,1
lists,1
tufas,1
rence,1
pleas,1
renew,1
guido,1
pinks,1
hosts,1
tommy,1
turfy,1
carve,1
chink,1
berth,1
camel,1
payne,1
ionia,1
shone,1
coins,1
lunar,1
caste,1
leeks,1
cotes,1
yoked,1
berne,1
ended,1
coach,1
tries,1
pence,1
amiss,1
hicky,1
aglow,1
urged,1
pupil,1
matin,1
windy,1
clime,1
cader,1
logos,1
prowl,1
today,1
cenci,1
aired,1
ideai,1
fetus,1
spurs,1
lucky,1
wield,1
bonne,1
repel,1
borne,1
brush,1
liked,1
mowed,1
pearl,1
satyr,1
vevay,1
stale,1
fired,1
heats,1
dated,1
chaps,1
ranks,1
noise,1
sport,1
nobly,1
wares,1
toned,1
teats,1
cries,1
slops,1
stray,1
smith,1
sewed,1
hyson,1
kales,1
adler,1
gaius,1
lions,1
hoofs,1
repay,1
noose,1
bills,1
baron,1
aeque,1
faire,1
thumb,1
safes,1
rival,1
hound,1
atoms,1
alban,1
vowed,1
oroph,1
cased,1
clubs,1
witch,1
defer,1
leaky,1
lined,1
fling,1
swims,1
notre,1
odors,1
eaten,1
skunk,1
amend,1
aloof,1
moldy,1
alter,1
locks,1
spans,1
zones,1
agile,1
chasm,1
quack,1
acted,1
knobs,1
leman,1
crave,1
leafy,1
gouty,1
mated,1
flies,1
ledge,1
paned,1
stain,1
undue,1
slits,1
stole,1
snail,1
bucks,1
minks,1
canal,1
embat,1
flung,1
peril,1
wrath,1
moths,1
siast,1
bruma,1
anger,1
lemon,1
purge,1
dumpy,1
twist,1
taxis,1
shake,1
afire,1
dicit,1
scori,1
quart,1
hated,1
silky,1
symph,1
sooty,1
staid,1
spice,1
bushy,1
ritch,1
flint,1
vista,1
exalt,1
haspl,1
inane,1
notch,1
hates,1
creep,1
blast,1
idris,1
havoc,1
alden,1
cools,1
moles,1
clerk,1
ether,1
forli,1
risen,1
keats,1
versa,1
humid,1
tegos,1
miami,1
smear,1
vexed,1
slain,1
swain,1
withe,1
crank,1
helps,1
cotta,1
spiry,1
milan,1
nooks,1
lares,1
augur,1
julia,1
gangs,1
leans,1
hazel,1
mined,1
pears,1
warms,1
glade,1
fitly,1
deity,1
sally,1
weedy,1
baker,1
laird,1
deals,1
faith,1
laths,1
wharf,1
bough,1
tempt,1
romeo,1
rhyme,1
maine,1
relic,1
nymph,1
kilns,1
brows,1
flute,1
tarts,1
strut,1
melts,1
echei,1
keram,1
reale,1
guild,1
waxes,1
shorn,1
salty,1
pilot,1
gayly,1
rocky,1
esech,1
casts,1
hides,1
armor,1
hatch,1
alien,1
stead,1
jacob,1
seize,1
cheek,1
oikon,1
utica,1
weary,1
matos,1
scent,1
posot,1
spins,1
selfs,1
neill,1
claps,1
capes,1
lodge,1
mixes,1
crush,1
taper,1
amber,1
piney,1
cried,1
dates,1
boxed,1
abaci,1
natty,1
colle,1
fleur,1
hired,1
wrist,1
masts,1
siena,1
cusps,1
cabin,1
thaws,1
cubby,1
rates,1
freed,1
haven,1
topic,1
vices,1
abuse,1
thule,1
amuse,1
funds,1
manly,1
boils,1
fives,1
sadly,1
finis,1
rarer,1
exult,1
ultor,1
faded,1
boors,1
adapt,1
moses,1
calla,1
strew,1
abbey,1
wrapt,1
milch,1
sting,1
idiot,1
loams,1
evans,1
tique,1
tasty,1
blake,1
rufus,1
vapor,1
inert,1
revue,1
spits,1
stack,1
bulge,1
auger,1
mules,1
comma,1
bores,1
mould,1
chius,1
imbue,1
petit,1
tired,1
brisk,1
swans,1
verge,1
clays,1
sapia,1
eater,1
blend,1
sowed,1
wrung,1
agley,1
hypat,1
dante,1
bells,1
march,1
backs,1
spelt,1
cloon,1
globe,1
tends,1
surgy,1
myrrh,1
surge,1
breck,1
tubes,1
hurts,1
raids,1
speed,1
bunch,1
maybe,1
bulbs,1
heels,1
